secs,km,power,hr,cad,alt
0,0,,99,,1476.2
1,0.00745,,99,,1476.2
3,0.02736,,98,,1476.4
5,0.05215,,96,,1476.4
8,0.09434,,95,,1477.2
9,0.10929,,96,,1478
10,0.12399,,96,,1479
11,0.13806,,96,,1479.6
